{"schemaVersion":"1.0","appDefinitionTemplate":{"id":"/providers/Microsoft.PowerApps/apps/","type":"Microsoft.PowerApps/apps","tags":{"primaryDeviceWidth":"640","primaryDeviceHeight":"1136","sienaVersion":"20200416T195326Z-3.20023.8.0","deviceCapabilities":"","supportsPortrait":"true","supportsLandscape":"false","primaryFormFactor":"Phone","publisherVersion":"3.20023.8","minimumRequiredApiVersion":"2.2.0","hasComponent":"true","hasUnlockedComponent":"true"},"properties":{"appVersion":"2020-04-16T19:53:26Z","lifeCycleId":"Published","createdByClientVersion":{"major":3,"minor":20023,"build":8,"revision":0,"majorRevision":0,"minorRevision":0},"minClientVersion":{"major":3,"minor":20023,"build":8,"revision":0,"majorRevision":0,"minorRevision":0},"backgroundColor":"rgba(0, 176, 240, 1)","backgroundImageUri":"/15281578573304057769/Ncc1beadf-b389-45d5-b0ce-22bb441492ea-logoSmallFile","displayName":"Patient Family Connect App","description":"","commitMessage":"","appUris":{"documentUri":{"value":"/15281578573304057769/Nf27daa9c-b036-470d-a709-3b12ccffbe9b-document.msapp","readonlyValue":"/15281578573304057769/Nf27daa9c-b036-470d-a709-3b12ccffbe9b-document.msapp"},"imageUris":[]},"createdTime":"0001-01-01T00:00:00Z","lastModifiedTime":"0001-01-01T00:00:00Z","sharedGroupsCount":0,"sharedUsersCount":0,"icons":{"smallIconUri":"/15281578573304057769/N5d9622f9-458c-4c42-befa-55c6c639e28b-small.png","mediumIconUri":"/15281578573304057769/N07bf65b7-7525-4ad1-b6ad-02e62bf0e13d-medium.png","largeIconUri":"/15281578573304057769/Nd70def63-42f3-4039-9d6e-b74c26095942-large.png","wideIconUri":"/15281578573304057769/N9d4737f7-c862-4188-9c86-a00d2f98a846-wide.png"},"connectionReferences":{"1c7ad20b-5eed-4486-a3f2-a5e60c5f705d":{"id":"cc79c115-327c-472a-9411-41402d479ab8","displayName":"SharePoint","iconUri":"https://connectoricons-prod.azureedge.net/sharepointonline/icon_1.0.1329.1953.png","dataSources":["Patients","Campus"],"dependencies":[],"dependents":[],"parameterHints":{},"isOnPremiseConnection":false,"bypassConsent":false,"dataSets":{"https://contosohealthsystems.sharepoint.com/sites/PatientFamilyConnect9":{"dataSources":{"Patients":{"tableName":"c887f399-2622-4b23-994c-2afd54b468d2"},"Campus":{"tableName":"93472aa7-a547-4644-87de-a35ba9a60405"}}}},"apiTier":"Standard","isCustomApiConnection":false}},"databaseReferences":{},"almMode":"Environment","performanceOptimizationEnabled":false,"canConsumeAppPass":true},"isAppComponentLibrary":false,"appType":"ClassicCanvasApp","appComponents":[]}}