{"name":"e19eda9e-b23a-4669-bb16-2bfa3d8e8ea5","id":"/providers/Microsoft.Flow/flows/e19eda9e-b23a-4669-bb16-2bfa3d8e8ea5","type":"Microsoft.Flow/flows","properties":{"apiId":"/providers/Microsoft.PowerApps/apis/shared_logicflows","displayName":"PFC AD account management","definition":{"metadata":{"workflowEntityId":null,"creator":{"id":"ee854e2b-c3a4-437e-bf92-ed17d6b7a322","type":"User","tenantId":"4aff14bb-209d-475a-bc31-fb5e4b0b3c07"},"provisioningMethod":"FromDefinition","failureAlertSubscription":true,"clientLastModifiedTime":"2020-04-16T18:45:30.2366147Z"},"$schema":"https://schema.management.azure.com/providers/Microsoft.Logic/schemas/2016-06-01/workflowdefinition.json#","contentVersion":"1.0.0.0","parameters":{"$connections":{"defaultValue":{},"type":"Object"},"$authentication":{"defaultValue":{},"type":"SecureObject"}},"triggers":{"When_an_item_is_created_or_modified":{"recurrence":{"frequency":"Minute","interval":3},"splitOn":"@triggerBody()?['value']","metadata":{"flowSystemMetadata":{"swaggerOperationId":"GetOnUpdatedItems"}},"type":"ApiConnection","inputs":{"host":{"connection":{"name":"@parameters('$connections')['shared_sharepointonline']['connectionId']"},"api":{"runtimeUrl":"https://unitedstates-002.azure-apim.net/apim/sharepointonline"}},"method":"get","path":"/datasets/@{encodeURIComponent(encodeURIComponent('https://contosohealthsystems.sharepoint.com/sites/PatientFamilyConnect9'))}/tables/@{encodeURIComponent(encodeURIComponent('c887f399-2622-4b23-994c-2afd54b468d2'))}/onupdateditems","authentication":"@parameters('$authentication')"}}},"actions":{"Switch":{"runAfter":{},"cases":{"Case_-_Create_User":{"case":"New","actions":{"HTTP_-_Create_User":{"runAfter":{},"type":"Http","inputs":{"method":"POST","uri":"https://graph.microsoft.com/v1.0/users","body":{"accountEnabled":true,"displayName":"@{triggerBody()?['FirstName']} @{triggerBody()?['LastName']}","mailNickname":"@{triggerBody()?['FirstName']}","userPrincipalName":"@{triggerBody()?['eMailAddress']}","passwordProfile":{"forceChangePasswordNextSignIn":false,"password":"@{triggerBody()?['password']}"},"jobTitle":"Campus:@{triggerBody()?['Campus']}, Unit:@{triggerBody()?['Unit']}, Bed:@{triggerBody()?['PatientBedNumber']}","officeLocation":"@{triggerBody()?['Campus']}","department":"@{triggerBody()?['Unit']}"},"authentication":{"type":"ActiveDirectoryOAuth","tenant":"4aff14bb-209d-475a-bc31-fb5e4b0b3c07","audience":"https://graph.microsoft.com","clientId":"0777642b-baf2-4301-987d-8eff82ff3ae7","secret":"CWAninxq/:RL@2ksYNq9nb]y1SK9RD=X"}}},"Delay":{"runAfter":{"HTTP_-_Create_User":["Succeeded"]},"type":"Wait","inputs":{"interval":{"count":30,"unit":"Second"}}},"Get_user":{"runAfter":{"Delay":["Succeeded"]},"metadata":{"flowSystemMetadata":{"swaggerOperationId":"GetUser"}},"type":"ApiConnection","inputs":{"host":{"connection":{"name":"@parameters('$connections')['shared_azuread']['connectionId']"},"api":{"runtimeUrl":"https://unitedstates-002.azure-apim.net/apim/azuread"}},"method":"get","path":"/v1.0/users/@{encodeURIComponent(triggerBody()?['eMailAddress'])}","authentication":"@parameters('$authentication')"}},"Send_an_email_(V2)_2":{"runAfter":{"Add_user_to_group":["Succeeded"]},"metadata":{"flowSystemMetadata":{"swaggerOperationId":"SendEmailV2"}},"type":"ApiConnection","inputs":{"host":{"connection":{"name":"@parameters('$connections')['shared_office365']['connectionId']"},"api":{"runtimeUrl":"https://unitedstates-002.azure-apim.net/apim/office365"}},"method":"post","body":{"To":"Jim.Warner@NorthwindHealth.onmicrosoft.com","Subject":"New User Created","Body":"<p>User: @{triggerBody()?['eMailAddress']} has been created.</p>"},"path":"/v2/Mail","authentication":"@parameters('$authentication')"}},"Add_user_to_group":{"runAfter":{"Get_user":["Succeeded"]},"metadata":{"flowSystemMetadata":{"swaggerOperationId":"AddUserToGroup"}},"type":"ApiConnection","inputs":{"host":{"connection":{"name":"@parameters('$connections')['shared_azuread']['connectionId']"},"api":{"runtimeUrl":"https://unitedstates-002.azure-apim.net/apim/azuread"}},"method":"post","body":{"@@odata.id":"@body('Get_user')?['id']"},"path":"/v1.0/groups/@{encodeURIComponent('c1788c16-2fea-4e95-978d-27d402146ad9')}/members/$ref","authentication":"@parameters('$authentication')"}},"Send_push_notification":{"runAfter":{"Send_an_email_(V2)_2":["Succeeded"]},"metadata":{"flowSystemMetadata":{"swaggerOperationId":"SendPushNotification"}},"type":"ApiConnection","inputs":{"host":{"connection":{"name":"@parameters('$connections')['shared_powerappsnotification']['connectionId']"},"api":{"runtimeUrl":"https://unitedstates-002.azure-apim.net/apim/powerappsnotification"}},"method":"post","body":{"recipients":["@triggerBody()?['Author']?['Email']"],"message":"Patient acount: @{triggerBody()?['FirstName']}"},"path":"/providers/Microsoft.PowerApps/scopes/connector/sendPushNotification","authentication":"@parameters('$authentication')"}}}},"Case_-_Delete_User":{"case":"Delete","actions":{"HTTP_-_Delete_User":{"runAfter":{},"type":"Http","inputs":{"method":"DELETE","uri":"https://graph.microsoft.com/v1.0/users/@{triggerBody()?['eMailAddress']}/","authentication":{"type":"ActiveDirectoryOAuth","tenant":"4aff14bb-209d-475a-bc31-fb5e4b0b3c07","audience":"https://graph.microsoft.com","clientId":"0777642b-baf2-4301-987d-8eff82ff3ae7","secret":"CWAninxq/:RL@2ksYNq9nb]y1SK9RD=X"}}}}},"Case_-_Modify_User":{"case":"Modified","actions":{"Update_user":{"runAfter":{},"metadata":{"flowSystemMetadata":{"swaggerOperationId":"UpdateUser"}},"type":"ApiConnection","inputs":{"host":{"connection":{"name":"@parameters('$connections')['shared_azuread']['connectionId']"},"api":{"runtimeUrl":"https://unitedstates-002.azure-apim.net/apim/azuread"}},"method":"patch","body":{"userPrincipalName":"@triggerBody()?['eMailAddress']","jobTitle":"Campus: @{triggerBody()?['Campus']}, Unit:@{triggerBody()?['Unit']}, Bed:@{triggerBody()?['PatientBedNumber']}"},"path":"/v1.0/users/@{encodeURIComponent(triggerBody()?['eMailAddress'])}","authentication":"@parameters('$authentication')"}}}}},"default":{"actions":{}},"expression":"@triggerBody()?['AccountStatus']","type":"Switch"}}},"connectionReferences":{"shared_azuread":{"connectionName":"8c8f78a175d34fa0a086c9710b87d354","source":"Embedded","id":"/providers/Microsoft.PowerApps/apis/shared_azuread","tier":"NotSpecified"},"shared_office365":{"connectionName":"f6de3b6af18247fa814287b17061c8f3","source":"Embedded","id":"/providers/Microsoft.PowerApps/apis/shared_office365","tier":"NotSpecified"},"shared_powerappsnotification":{"connectionName":"01eb0efd821f406cb022bba9f3af5a3c","source":"Embedded","id":"/providers/Microsoft.PowerApps/apis/shared_powerappsnotification","tier":"NotSpecified"},"shared_sharepointonline":{"connectionName":"54dd0d91c7e54d49b5c837a282c36f2a","source":"Embedded","id":"/providers/Microsoft.PowerApps/apis/shared_sharepointonline","tier":"NotSpecified"}},"flowFailureAlertSubscribed":false}}